{"accuracy": 0.91121, "precision": 0.91121, "recall": 0.91121, "f1": 0.9112}