{"accuracy": 0.92757, "precision": 0.92794, "recall": 0.92757, "f1": 0.92754}