{"accuracy": 0.89907, "precision": 0.89907, "recall": 0.89907, "f1": 0.89907}