{"accuracy": 0.93458, "precision": 0.9348, "recall": 0.93458, "f1": 0.93455}